PICP,PINC,ACE,MAE,MAPE,RMSE
86.70808967,90,-3.291910331,1457.563216,4.907357214,1890.307257