PICP,PINC,ACE,MAE,MAPE,RMSE
90.83820663,90,0.838206628,1315.00029,4.395793398,1715.146304