PICP,PINC,ACE,MAE,MAPE,RMSE
85.47758285,90,-4.522417154,1062.046295,21.25483009,1383.115011