PICP,PINC,ACE,PINAW,PINRW,MAE,MAPE,RMSE
96.0891812865497,89.99999999999999,6.089181286549717,7.249654247663978,1.6922971719864661,300.5354471646511,,655.2354701170318
