PICP,PINC,ACE,MAE,MAPE,RMSE
45.45565302,90,-44.54434698,6.49537643,inf,8.052062264