PICP,PINC,ACE,MAE,MAPE,RMSE
69.57846004,90,-20.42153996,7.507209148,inf,9.576368247