PICP,PINC,ACE,MAE,MAPE,RMSE
70.2119883,90,-19.7880117,1519.480105,4.961981752,1903.396953