PICP,PINC,ACE,MAE,MAPE,RMSE
90.09502924,90,0.09502924,998.0828,19.72910166,1320.7335