PICP,PINC,ACE,MAE,MAPE,RMSE
91.43518519,90,1.435185185,1459.753738,4.733158189,1903.185308