PICP,PINC,ACE,MAE,MAPE,RMSE
95.27290448,90,5.272904483,270.9945811,,585.2357481