PICP,PINC,ACE,MAE,MAPE,RMSE
92.10526316,90,2.105263158,327.3727615,,689.229032