PICP,PINC,ACE,MAE,MAPE,RMSE
80.17787524,90,-9.822124756,6.526100553,inf,8.47807083