PICP,PINC,ACE,MAE,MAPE,RMSE
72.4537037,90,-17.5462963,6.375387473,inf,8.02840373