PICP,PINC,ACE,MAE,MAPE,RMSE
98.0994152,90,8.099415205,291.0802181,,613.8738376