PICP,PINC,ACE,MAE,MAPE,RMSE
94.79775828,90,4.797758285,937.0275,19.33659166,1251.3384