PICP,PINC,ACE,MAE,MAPE,RMSE
87.8411306,90,-2.158869396,1318.7222,30.59062064,1760.6124